nik,nama,password
1.23457E+15,Adhika,123
1.23457E+15,Eira,123
123,Hello,123
12345,oke,123
987,Ihsan,123
98776,Mantap,123
333,Budi,123
3456,wawaw,123
1455,dodi saputra,qwerty
